clause,yes_count,no_count
Most Favored Nation-Answer,28,482
Competitive Restriction Exception-Answer,76,434
Non-Compete-Answer,119,391
Exclusivity-Answer,180,330
No-Solicit Of Customers-Answer,34,476
No-Solicit Of Employees-Answer,59,451
Non-Disparagement-Answer,38,472
Termination For Convenience-Answer,183,327
Rofr/Rofo/Rofn-Answer,85,425
Change Of Control-Answer,121,389
Anti-Assignment-Answer,374,136
Revenue/Profit Sharing-Answer,166,344
Price Restrictions-Answer,15,495
Minimum Commitment-Answer,165,345
Volume Restriction-Answer,82,428
Ip Ownership Assignment-Answer,124,386
Joint Ip Ownership-Answer,46,464
License Grant-Answer,255,255
Non-Transferable License-Answer,138,372
Affiliate License-Licensor-Answer,23,487
Affiliate License-Licensee-Answer,59,451
Unlimited/All-You-Can-Eat-License-Answer,17,493
Irrevocable Or Perpetual License-Answer,70,440
Source Code Escrow-Answer,13,497
Post-Termination Services-Answer,182,328
Audit Rights-Answer,214,296
Uncapped Liability-Answer,111,399
Cap On Liability-Answer,275,235
Liquidated Damages-Answer,61,449
Warranty Duration-Answer,75,435
Insurance-Answer,167,343
Covenant Not To Sue-Answer,100,410
Third Party Beneficiary-Answer,33,477
